{
  "language": "Solidity",
  "sources": {
    "@chainlink/contracts/src/v0.8/interfaces/AggregatorV3Interface.sol": {
      "content": "// SPDX-License-Identifier: MIT\npragma solidity ^0.8.0;\n\ninterface AggregatorV3Interface {\n  function decimals() external view returns (uint8);\n\n  function description() external view returns (string memory);\n\n  function version() external view returns (uint256);\n\n  // getRoundData and latestRoundData should both raise \"No data present\"\n  // if they do not have data to report, instead of returning unset values\n  // which could be misinterpreted as actual reported values.\n  function getRoundData(uint80 _roundId)\n    external\n    view\n    returns (\n      uint80 roundId,\n      int256 answer,\n      uint256 startedAt,\n      uint256 updatedAt,\n      uint80 answeredInRound\n    );\n\n  function latestRoundData()\n    external\n    view\n    returns (\n      uint80 roundId,\n      int256 answer,\n      uint256 startedAt,\n      uint256 updatedAt,\n      uint80 answeredInRound\n    );\n}\n"
    },
    "@openzeppelin/contracts/access/AccessControl.sol": {
      "content": "// SPDX-License-Identifier: MIT\n// OpenZeppelin Contracts (last updated v5.0.0) (access/AccessControl.sol)\n\npragma solidity ^0.8.20;\n\nimport {IAccessControl} from \"./IAccessControl.sol\";\nimport {Context} from \"../utils/Context.sol\";\nimport {ERC165} from \"../utils/introspection/ERC165.sol\";\n\n/**\n * @dev Contract module that allows children to implement role-based access\n * control mechanisms. This is a lightweight version that doesn't allow enumerating role\n * members except through off-chain means by accessing the contract event logs. Some\n * applications may benefit from on-chain enumerability, for those cases see\n * {AccessControlEnumerable}.\n *\n * Roles are referred to by their `bytes32` identifier. These should be exposed\n * in the external API and be unique. The best way to achieve this is by\n * using `public constant` hash digests:\n *\n * ```solidity\n * bytes32 public constant MY_ROLE = keccak256(\"MY_ROLE\");\n * ```\n *\n * Roles can be used to represent a set of permissions. To restrict access to a\n * function call, use {hasRole}:\n *\n * ```solidity\n * function foo() public {\n *     require(hasRole(MY_ROLE, msg.sender));\n *     ...\n * }\n * ```\n *\n * Roles can be granted and revoked dynamically via the {grantRole} and\n * {revokeRole} functions. Each role has an associated admin role, and only\n * accounts that have a role's admin role can call {grantRole} and {revokeRole}.\n *\n * By default, the admin role for all roles is `DEFAULT_ADMIN_ROLE`, which means\n * that only accounts with this role will be able to grant or revoke other\n * roles. More complex role relationships can be created by using\n * {_setRoleAdmin}.\n *\n * WARNING: The `DEFAULT_ADMIN_ROLE` is also its own admin: it has permission to\n * grant and revoke this role. Extra precautions should be taken to secure\n * accounts that have been granted it. We recommend using {AccessControlDefaultAdminRules}\n * to enforce additional security measures for this role.\n */\nabstract contract AccessControl is Context, IAccessControl, ERC165 {\n    struct RoleData {\n        mapping(address account => bool) hasRole;\n        bytes32 adminRole;\n    }\n\n    mapping(bytes32 role => RoleData) private _roles;\n\n    bytes32 public constant DEFAULT_ADMIN_ROLE = 0x00;\n\n    /**\n     * @dev Modifier that checks that an account has a specific role. Reverts\n     * with an {AccessControlUnauthorizedAccount} error including the required role.\n     */\n    modifier onlyRole(bytes32 role) {\n        _checkRole(role);\n        _;\n    }\n\n    /**\n     * @dev See {IERC165-supportsInterface}.\n     */\n    function supportsInterface(bytes4 interfaceId) public view virtual override returns (bool) {\n        return interfaceId == type(IAccessControl).interfaceId || super.supportsInterface(interfaceId);\n    }\n\n    /**\n     * @dev Returns `true` if `account` has been granted `role`.\n     */\n    function hasRole(bytes32 role, address account) public view virtual returns (bool) {\n        return _roles[role].hasRole[account];\n    }\n\n    /**\n     * @dev Reverts with an {AccessControlUnauthorizedAccount} error if `_msgSender()`\n     * is missing `role`. Overriding this function changes the behavior of the {onlyRole} modifier.\n     */\n    function _checkRole(bytes32 role) internal view virtual {\n        _checkRole(role, _msgSender());\n    }\n\n    /**\n     * @dev Reverts with an {AccessControlUnauthorizedAccount} error if `account`\n     * is missing `role`.\n     */\n    function _checkRole(bytes32 role, address account) internal view virtual {\n        if (!hasRole(role, account)) {\n            revert AccessControlUnauthorizedAccount(account, role);\n        }\n    }\n\n    /**\n     * @dev Returns the admin role that controls `role`. See {grantRole} and\n     * {revokeRole}.\n     *\n     * To change a role's admin, use {_setRoleAdmin}.\n     */\n    function getRoleAdmin(bytes32 role) public view virtual returns (bytes32) {\n        return _roles[role].adminRole;\n    }\n\n    /**\n     * @dev Grants `role` to `account`.\n     *\n     * If `account` had not been already granted `role`, emits a {RoleGranted}\n     * event.\n     *\n     * Requirements:\n     *\n     * - the caller must have ``role``'s admin role.\n     *\n     * May emit a {RoleGranted} event.\n     */\n    function grantRole(bytes32 role, address account) public virtual onlyRole(getRoleAdmin(role)) {\n        _grantRole(role, account);\n    }\n\n    /**\n     * @dev Revokes `role` from `account`.\n     *\n     * If `account` had been granted `role`, emits a {RoleRevoked} event.\n     *\n     * Requirements:\n     *\n     * - the caller must have ``role``'s admin role.\n     *\n     * May emit a {RoleRevoked} event.\n     */\n    function revokeRole(bytes32 role, address account) public virtual onlyRole(getRoleAdmin(role)) {\n        _revokeRole(role, account);\n    }\n\n    /**\n     * @dev Revokes `role` from the calling account.\n     *\n     * Roles are often managed via {grantRole} and {revokeRole}: this function's\n     * purpose is to provide a mechanism for accounts to lose their privileges\n     * if they are compromised (such as when a trusted device is misplaced).\n     *\n     * If the calling account had been revoked `role`, emits a {RoleRevoked}\n     * event.\n     *\n     * Requirements:\n     *\n     * - the caller must be `callerConfirmation`.\n     *\n     * May emit a {RoleRevoked} event.\n     */\n    function renounceRole(bytes32 role, address callerConfirmation) public virtual {\n        if (callerConfirmation != _msgSender()) {\n            revert AccessControlBadConfirmation();\n        }\n\n        _revokeRole(role, callerConfirmation);\n    }\n\n    /**\n     * @dev Sets `adminRole` as ``role``'s admin role.\n     *\n     * Emits a {RoleAdminChanged} event.\n     */\n    function _setRoleAdmin(bytes32 role, bytes32 adminRole) internal virtual {\n        bytes32 previousAdminRole = getRoleAdmin(role);\n        _roles[role].adminRole = adminRole;\n        emit RoleAdminChanged(role, previousAdminRole, adminRole);\n    }\n\n    /**\n     * @dev Attempts to grant `role` to `account` and returns a boolean indicating if `role` was granted.\n     *\n     * Internal function without access restriction.\n     *\n     * May emit a {RoleGranted} event.\n     */\n    function _grantRole(bytes32 role, address account) internal virtual returns (bool) {\n        if (!hasRole(role, account)) {\n            _roles[role].hasRole[account] = true;\n            emit RoleGranted(role, account, _msgSender());\n            return true;\n        } else {\n            return false;\n        }\n    }\n\n    /**\n     * @dev Attempts to revoke `role` to `account` and returns a boolean indicating if `role` was revoked.\n     *\n     * Internal function without access restriction.\n     *\n     * May emit a {RoleRevoked} event.\n     */\n    function _revokeRole(bytes32 role, address account) internal virtual returns (bool) {\n        if (hasRole(role, account)) {\n            _roles[role].hasRole[account] = false;\n            emit RoleRevoked(role, account, _msgSender());\n            return true;\n        } else {\n            return false;\n        }\n    }\n}\n"
    },
    "@openzeppelin/contracts/access/IAccessControl.sol": {
      "content": "// SPDX-License-Identifier: MIT\n// OpenZeppelin Contracts (last updated v5.0.0) (access/IAccessControl.sol)\n\npragma solidity ^0.8.20;\n\n/**\n * @dev External interface of AccessControl declared to support ERC165 detection.\n */\ninterface IAccessControl {\n    /**\n     * @dev The `account` is missing a role.\n     */\n    error AccessControlUnauthorizedAccount(address account, bytes32 neededRole);\n\n    /**\n     * @dev The caller of a function is not the expected one.\n     *\n     * NOTE: Don't confuse with {AccessControlUnauthorizedAccount}.\n     */\n    error AccessControlBadConfirmation();\n\n    /**\n     * @dev Emitted when `newAdminRole` is set as ``role``'s admin role, replacing `previousAdminRole`\n     *\n     * `DEFAULT_ADMIN_ROLE` is the starting admin for all roles, despite\n     * {RoleAdminChanged} not being emitted signaling this.\n     */\n    event RoleAdminChanged(bytes32 indexed role, bytes32 indexed previousAdminRole, bytes32 indexed newAdminRole);\n\n    /**\n     * @dev Emitted when `account` is granted `role`.\n     *\n     * `sender` is the account that originated the contract call, an admin role\n     * bearer except when using {AccessControl-_setupRole}.\n     */\n    event RoleGranted(bytes32 indexed role, address indexed account, address indexed sender);\n\n    /**\n     * @dev Emitted when `account` is revoked `role`.\n     *\n     * `sender` is the account that originated the contract call:\n     *   - if using `revokeRole`, it is the admin role bearer\n     *   - if using `renounceRole`, it is the role bearer (i.e. `account`)\n     */\n    event RoleRevoked(bytes32 indexed role, address indexed account, address indexed sender);\n\n    /**\n     * @dev Returns `true` if `account` has been granted `role`.\n     */\n    function hasRole(bytes32 role, address account) external view returns (bool);\n\n    /**\n     * @dev Returns the admin role that controls `role`. See {grantRole} and\n     * {revokeRole}.\n     *\n     * To change a role's admin, use {AccessControl-_setRoleAdmin}.\n     */\n    function getRoleAdmin(bytes32 role) external view returns (bytes32);\n\n    /**\n     * @dev Grants `role` to `account`.\n     *\n     * If `account` had not been already granted `role`, emits a {RoleGranted}\n     * event.\n     *\n     * Requirements:\n     *\n     * - the caller must have ``role``'s admin role.\n     */\n    function grantRole(bytes32 role, address account) external;\n\n    /**\n     * @dev Revokes `role` from `account`.\n     *\n     * If `account` had been granted `role`, emits a {RoleRevoked} event.\n     *\n     * Requirements:\n     *\n     * - the caller must have ``role``'s admin role.\n     */\n    function revokeRole(bytes32 role, address account) external;\n\n    /**\n     * @dev Revokes `role` from the calling account.\n     *\n     * Roles are often managed via {grantRole} and {revokeRole}: this function's\n     * purpose is to provide a mechanism for accounts to lose their privileges\n     * if they are compromised (such as when a trusted device is misplaced).\n     *\n     * If the calling account had been granted `role`, emits a {RoleRevoked}\n     * event.\n     *\n     * Requirements:\n     *\n     * - the caller must be `callerConfirmation`.\n     */\n    function renounceRole(bytes32 role, address callerConfirmation) external;\n}\n"
    },
    "@openzeppelin/contracts/utils/Context.sol": {
      "content": "// SPDX-License-Identifier: MIT\n// OpenZeppelin Contracts (last updated v5.0.1) (utils/Context.sol)\n\npragma solidity ^0.8.20;\n\n/**\n * @dev Provides information about the current execution context, including the\n * sender of the transaction and its data. While these are generally available\n * via msg.sender and msg.data, they should not be accessed in such a direct\n * manner, since when dealing with meta-transactions the account sending and\n * paying for execution may not be the actual sender (as far as an application\n * is concerned).\n *\n * This contract is only required for intermediate, library-like contracts.\n */\nabstract contract Context {\n    function _msgSender() internal view virtual returns (address) {\n        return msg.sender;\n    }\n\n    function _msgData() internal view virtual returns (bytes calldata) {\n        return msg.data;\n    }\n\n    function _contextSuffixLength() internal view virtual returns (uint256) {\n        return 0;\n    }\n}\n"
    },
    "@openzeppelin/contracts/utils/introspection/ERC165.sol": {
      "content": "// SPDX-License-Identifier: MIT\n// OpenZeppelin Contracts (last updated v5.0.0) (utils/introspection/ERC165.sol)\n\npragma solidity ^0.8.20;\n\nimport {IERC165} from \"./IERC165.sol\";\n\n/**\n * @dev Implementation of the {IERC165} interface.\n *\n * Contracts that want to implement ERC165 should inherit from this contract and override {supportsInterface} to check\n * for the additional interface id that will be supported. For example:\n *\n * ```solidity\n * function supportsInterface(bytes4 interfaceId) public view virtual override returns (bool) {\n *     return interfaceId == type(MyInterface).interfaceId || super.supportsInterface(interfaceId);\n * }\n * ```\n */\nabstract contract ERC165 is IERC165 {\n    /**\n     * @dev See {IERC165-supportsInterface}.\n     */\n    function supportsInterface(bytes4 interfaceId) public view virtual returns (bool) {\n        return interfaceId == type(IERC165).interfaceId;\n    }\n}\n"
    },
    "@openzeppelin/contracts/utils/introspection/IERC165.sol": {
      "content": "// SPDX-License-Identifier: MIT\n// OpenZeppelin Contracts (last updated v5.0.0) (utils/introspection/IERC165.sol)\n\npragma solidity ^0.8.20;\n\n/**\n * @dev Interface of the ERC165 standard, as defined in the\n * https://eips.ethereum.org/EIPS/eip-165[EIP].\n *\n * Implementers can declare support of contract interfaces, which can then be\n * queried by others ({ERC165Checker}).\n *\n * For an implementation, see {ERC165}.\n */\ninterface IERC165 {\n    /**\n     * @dev Returns true if this contract implements the interface defined by\n     * `interfaceId`. See the corresponding\n     * https://eips.ethereum.org/EIPS/eip-165#how-interfaces-are-identified[EIP section]\n     * to learn more about how these ids are created.\n     *\n     * This function call must use less than 30 000 gas.\n     */\n    function supportsInterface(bytes4 interfaceId) external view returns (bool);\n}\n"
    },
    "contracts/Lock.sol": {
      "content": "// SPDX-License-Identifier: UNLICENSED\npragma solidity ^0.8.24;\n\n// Uncomment this line to use console.log\n// import \"hardhat/console.sol\";\n\ncontract Lock {\n    uint public unlockTime;\n    address payable public owner;\n\n    event Withdrawal(uint amount, uint when);\n\n    constructor(uint _unlockTime) payable {\n        require(\n            block.timestamp < _unlockTime,\n            \"Unlock time should be in the future\"\n        );\n\n        unlockTime = _unlockTime;\n        owner = payable(msg.sender);\n    }\n\n    function withdraw() public {\n        // Uncomment this line, and the import of \"hardhat/console.sol\", to print a log in your terminal\n        // console.log(\"Unlock time is %o and block timestamp is %o\", unlockTime, block.timestamp);\n\n        require(block.timestamp >= unlockTime, \"You can't withdraw yet\");\n        require(msg.sender == owner, \"You aren't the owner\");\n\n        emit Withdrawal(address(this).balance, block.timestamp);\n\n        owner.transfer(address(this).balance);\n    }\n}\n"
    },
    "contracts/SecuritiesSettlement.sol": {
      "content": "// SPDX-License-Identifier: MIT\r\npragma solidity ^0.8.24;\r\n\r\nimport \"@openzeppelin/contracts/access/AccessControl.sol\";\r\nimport \"@chainlink/contracts/src/v0.8/interfaces/AggregatorV3Interface.sol\";\r\n//import \"@chainlink/contracts/src/v0.8/shared/interfaces/AggregatorV3Interface.sol\";\r\n/**\r\n * @title SecuritiesSettlement\r\n * @dev This contract simulates securities settlements with features for cross-border payments,\r\n * deposits, and basic KYC compliance. It's designed for educational purposes and requires\r\n * further development and security audits for real-world application.\r\n */\r\ncontract SecuritiesSettlement is AccessControl {\r\n    bytes32 public constant SETTLEMENT_ROLE = keccak256(\"SETTLEMENT_ROLE\");\r\n    bytes32 public constant DTCC_ROLE = keccak256(\"DTCC_ROLE\");\r\n    bytes32 public constant KYC_OPERATOR_ROLE = keccak256(\"KYC_OPERATOR_ROLE\");\r\n\r\n    struct Settlement {\r\n        address initiator;\r\n        address counterparty;\r\n        uint256 securitiesAmount;\r\n        uint256 cashAmount;\r\n        bool isCompleted;\r\n    }\r\n\r\n    mapping(uint256 => Settlement) public settlements;\r\n    uint256 public nextSettlementId;\r\n\r\n    // Mapping to track deposits in Wei (for simplicity, assuming ETH deposits)\r\n    mapping(address => uint256) public deposits;\r\n\r\n    // Mapping to track KYC verification status\r\n    mapping(address => bool) public kycVerified;\r\n\r\n    event SettlementInitiated(uint256 indexed settlementId, address indexed initiator, address indexed counterparty, uint256 securitiesAmount, uint256 cashAmount);\r\n    event SettlementCompleted(uint256 indexed settlementId);\r\n    event DepositReceived(address indexed depositor, uint256 amount);\r\n    event KYCVerified(address indexed user);\r\n\r\n    constructor() {\r\n        _grantRole(DEFAULT_ADMIN_ROLE, msg.sender); // Grant the contract deployer the default admin role: they can grant/revoke any roles\r\n        _grantRole(DTCC_ROLE, msg.sender); // Grant the deployer the DTCC role\r\n        _grantRole(KYC_OPERATOR_ROLE, msg.sender); // Grant the deployer the KYC Operator role\r\n        \r\n    }\r\n\r\n    /**\r\n     * @dev Deposits ETH into the contract. In a real-world scenario, this function could be adapted\r\n     * to handle deposits of specific tokens or assets as required by the settlement process.\r\n     */\r\n    function deposit() public payable {\r\n        require(msg.value > 0, \"Deposit must be greater than 0\");\r\n        deposits[msg.sender] += msg.value;\r\n        emit DepositReceived(msg.sender, msg.value);\r\n    }\r\n\r\n    /**\r\n     * @dev Allows an authorized KYC operator to verify a user's KYC status. This is a simplified\r\n     * representation of what would likely be a more complex off-chain verification process.\r\n     * @param _user The address of the user to verify.\r\n     */\r\n    function verifyKYC(address _user) public onlyRole(KYC_OPERATOR_ROLE) {\r\n        kycVerified[_user] = true;\r\n        emit KYCVerified(_user);\r\n    }\r\n\r\n    /**\r\n     * @dev Initiates a settlement process. This function would be more complex in a real-world application,\r\n     * potentially involving checks for deposit sufficiency, KYC status, and other compliance requirements.\r\n     * @param _counterparty The address of the counterparty in the settlement.\r\n     * @param _securitiesAmount The amount of securities to be settled.\r\n     * @param _cashAmount The cash amount for the settlement.\r\n     * @return settlementId The ID of the initiated settlement.\r\n     */\r\n    function initiateSettlement(address _counterparty, uint256 _securitiesAmount, uint256 _cashAmount) external onlyRole(SETTLEMENT_ROLE) returns (uint256) {\r\n        require(kycVerified[msg.sender] && kycVerified[_counterparty], \"Both parties must be KYC verified.\");\r\n        require(_securitiesAmount > 0, \"Securities amount must be greater than 0.\");\r\n        require(_cashAmount > 0, \"Cash amount must be greater than 0.\");\r\n        \r\n        uint256 settlementId = nextSettlementId++;\r\n        Settlement storage newSettlement = settlements[settlementId];\r\n        newSettlement.initiator = msg.sender;\r\n        newSettlement.counterparty = _counterparty;\r\n        newSettlement.securitiesAmount = _securitiesAmount;\r\n        newSettlement.cashAmount = _cashAmount;\r\n        newSettlement.isCompleted = false;\r\n\r\n        emit SettlementInitiated(settlementId, msg.sender, _counterparty, _securitiesAmount, _cashAmount);\r\n        return settlementId;\r\n    }\r\n\r\n    /**\r\n     * @dev Completes a settlement process, marking it as completed. In a real system, this would\r\n     * involve transferring the securities and cash amounts between the parties.\r\n     * @param _settlementId The ID of the settlement to complete.\r\n     */\r\n    function completeSettlement(uint256 _settlementId) external onlyRole(DTCC_ROLE) {\r\n        Settlement storage settlement = settlements[_settlementId];\r\n        require(!settlement.isCompleted, \"Settlement is already completed.\");\r\n\r\n        // Logic for transferring securities and cash would be implemented here\r\n\r\n        settlement.isCompleted = true;\r\n        emit SettlementCompleted(_settlementId);\r\n    }\r\n\r\n    // Additional functions for handling cross-border payments, currency conversions,\r\n    // and other settlement-related operations could be added here.\r\n\r\n    // Modifier to check roles\r\n    modifier onlyRoleWith(bytes32 role) {\r\n        require(hasRole(role, msg.sender), \"Restricted to authorized roles.\");\r\n        _;\r\n    }\r\n}\r\n"
    },
    "contracts/SimpleContract.sol": {
      "content": "//SPDX-License-Identifier: MIT\r\npragma solidity ^0.8.24;\r\n//pragma experimental ABIEncoderV2;\r\n\r\n//import \"hardhat/console.sol\";\r\n\r\n\r\ncontract SimpleContract {\r\n\r\n    uint public myValue = 50;\r\n    string public myString = \"Hello World!\";\r\n\r\n    function setValue (uint _myValue) public {\r\n        myValue = _myValue;\r\n    }\r\n\r\n    function setString (string memory _myString) public {\r\n        myString = _myString;\r\n        \r\n    }\r\n}"
    }
  },
  "settings": {
    "evmVersion": "paris",
    "optimizer": {
      "enabled": false,
      "runs": 200
    },
    "outputSelection": {
      "*": {
        "*": [
          "abi",
          "evm.bytecode",
          "evm.deployedBytecode",
          "evm.methodIdentifiers",
          "metadata",
          "devdoc",
          "userdoc",
          "storageLayout",
          "evm.gasEstimates"
        ],
        "": [
          "ast"
        ]
      }
    },
    "metadata": {
      "useLiteralContent": true
    }
  }
}